Title,Company,Position,region,url
Senior Software Developer I,Spring Health,Developer/Software/Design,ğŸ‡ºğŸ‡¸ United States,https://remoteok.com//remote-jobs/remote-senior-software-developer-i-spring-health-615620
Senior Flutter Developer,Proxify,Senior/Developer,ğŸŒ Worldwide,https://remoteok.com//remote-jobs/remote-senior-flutter-developer-proxify-382219
Web Frontend Engineer JS CSS React Flutter,Canonical - Jobs,React/Front End/Web,ğŸ‡³ğŸ‡¬ Nigeria,https://remoteok.com//remote-jobs/remote-web-frontend-engineer-js-css-react-flutter-canonical-jobs-472776
Senior Mobile Engineer,Careers at Tide,Design/Support/Software,ğŸ‡®ğŸ‡³ India,https://remoteok.com//remote-jobs/remote-senior-mobile-engineer-careers-at-tide-472714
Senior Mobile Developer Latin America,FullStack Labs,Developer/iOS/Swift,ğŸ‡§ğŸ‡· Brazil,https://remoteok.com//remote-jobs/remote-senior-mobile-developer-latin-america-fullstack-labs-469370
Typescript React Fullstack Developer Senior,CloudDevs,Developer/JavaScript/Backend,ğŸ’ƒ Latin America,https://remoteok.com//remote-jobs/remote-typescript-react-fullstack-developer-senior-clouddevs-340913
Senior Flutter Developer,Proxify,Senior/Developer/Java,ğŸŒ Worldwide,https://remoteok.com//remote-jobs/remote-senior-flutter-developer-proxify-382348
PHP developer with Flutter experience for B2B SaaS,Gymdesk,Developer/PHP/SaaS,ğŸ‡ºğŸ‡¸ United States,https://remoteok.com//remote-jobs/remote-php-developer-with-flutter-experience-for-b2b-saas-gymdesk-352196
ORT Interactive GmbH Senior Android Developer Direct Hire,Braintrust,Developer/SaaS/Consulting,Europe 1,https://remoteok.com//remote-jobs/remote-ort-interactive-gmbh-senior-android-developer-direct-hire-braintrust-253287
Flutter Developer,Lemon.io,Engineer/Developer/Full Time,ğŸ‡ªğŸ‡º Europe,https://remoteok.com//remote-jobs/remote-flutter-developer-lemon-io-250591
Full Stack Software Engineer,QuickTrials,Developer/JavaScript/React,ğŸŒ Worldwide,https://remoteok.com//remote-jobs/remote-full-stack-software-engineer-quicktrials-240367
Senior Software Developer,Carb Manager,Developer/JavaScript/Node,ğŸŒ Worldwide,https://remoteok.com//remote-jobs/remote-senior-software-developer-carb-manager-205552
Mid level Senior Software Engineer,Skyward,Developer/Senior/Ruby,ğŸŒ Worldwide,https://remoteok.com//remote-jobs/remote-mid-level-senior-software-engineer-skyward-206416
Sora Schools Software Engineer Flutter Direct Hire,Braintrust,Software/Design/React,Global,https://remoteok.com//remote-jobs/remote-sora-schools-software-engineer-flutter-direct-hire-braintrust-195238
